id;title;description;i_created
1;Washington silver;system Sharable driver;2021-06-11T13:57:00
2;Virginia indigo Developer;Georgia;2021-06-11T02:21:05
3;overriding;Rustic;2021-06-11T04:58:46
4;Caledonia schemas Producer;override Designer;2021-06-11T05:09:06
5;Avon;Berkshire Oklahoma input;2021-06-11T02:04:25
6;Intelligent;CSS hacking parse;2021-06-11T00:06:02
7;Brand Trafficway;driver Licensed Jewelery;2021-06-11T08:08:05
8;New transmit;Nauru feed;2021-06-11T12:34:23
9;Music deposit;Idaho;2021-06-11T03:27:30
10;North front-end reboot;Squares Zloty Account;2021-06-11T04:39:11
